{
  "timesteps": [
    10240,
    20480,
    30720,
    40960,
    51200,
    61440,
    71680,
    81920,
    92160,
    102400,
    112640,
    122880,
    133120,
    143360,
    153600,
    163840,
    174080,
    184320,
    194560,
    204800,
    215040,
    225280,
    235520,
    245760,
    256000,
    266240,
    276480,
    286720,
    296960,
    307200,
    317440,
    327680,
    337920,
    348160,
    358400,
    368640,
    378880,
    389120,
    399360,
    409600,
    419840,
    430080,
    440320,
    450560,
    460800,
    471040,
    481280,
    491520
  ],
  "rewards": [
    331.1699854828311,
    373.88874167290703,
    369.64226439690515,
    339.292593166302,
    320.04240054685835,
    328.3626440611866,
    398.9836105156002,
    417.225135073509,
    382.06336364029244,
    361.3167165232655,
    382.088422340053,
    394.9070854811221,
    393.4882295457023,
    395.4047629199465,
    367.8093010316601,
    396.5632171935805,
    417.977466238007,
    387.63191357089653,
    379.98735439851475,
    391.49416169273405,
    402.6144686681827,
    422.0701253418704,
    414.8326557901822,
    390.1205148317498,
    381.3376249242972,
    368.8125018024569,
    407.39506681551,
    442.2390394153804,
    415.1797980212513,
    420.8047532227098,
    425.83493781985476,
    407.0511019634757,
    375.65731385413994,
    390.06562302208636,
    387.65508060715297,
    367.9093777867552,
    389.13831164559366,
    375.49072053330235,
    396.85857979379506,
    409.7478210720868,
    371.2957538002172,
    391.2916782483594,
    417.1280673726989,
    410.1268178213609,
    424.25998624133484,
    412.8661773386004,
    381.10230023122284,
    384.56363630613873
  ],
  "slo_rates": [
    100.0,
    100.0,
    98.61493795987597,
    100.0,
    100.0,
    98.54938777300318,
    100.0,
    100.0,
    99.89413183113517,
    100.0,
    100.0,
    99.99460903362824,
    74.74225223818367,
    100.0,
    100.0,
    95.5698445194326,
    100.0,
    99.97643581555725,
    100.0,
    94.91207011821126,
    100.0,
    99.9791950698772,
    100.0,
    99.997100440733,
    98.61495721556916,
    99.99148791283623,
    100.0,
    99.97657301948874,
    100.0,
    99.99720264070716,
    100.0,
    100.0,
    99.94345237757351,
    100.0,
    100.0,
    100.0,
    100.0,
    100.0,
    100.0,
    100.0,
    100.0,
    100.0,
    89.27208362040501,
    100.0,
    99.95695848007556,
    99.89254008983596,
    99.9706866319205,
    97.9501257570174
  ],
  "energies": [
    142.5049831707821,
    143.80508877424035,
    192.9351331176388,
    179.0196505712248,
    150.5180105011547,
    167.05093565457878,
    176.4866306547785,
    176.73407601302526,
    152.96022844184412,
    150.06681620031966,
    163.26034160851563,
    142.8381123166046,
    142.87360491278454,
    148.4954064155616,
    148.8116701553216,
    150.5281384312657,
    180.72630247876126,
    146.4946396197137,
    151.0988242912858,
    163.42853363423322,
    145.52511751104774,
    143.82530740497137,
    142.56760657339743,
    144.67372061103373,
    151.598172509124,
    144.81774794938832,
    155.90278104706107,
    167.938103967067,
    160.15011042280307,
    171.69123141829675,
    158.35281615993804,
    158.87752263693812,
    170.68599508772402,
    150.84048208393543,
    158.11153433446395,
    172.38517497400304,
    156.05530009056557,
    154.60111029577348,
    155.18325435608685,
    153.92789317869463,
    163.7702394160154,
    152.18173605407918,
    158.51879160461357,
    156.32225260486044,
    159.5080995479985,
    157.7198387436027,
    153.76385133684283,
    149.83330297887596
  ],
  "losses": [
    585.640681367762,
    474.92085970710303,
    312.107183748133,
    626.7270787856158,
    204.21360181920667,
    215.75998205297134,
    382.53557048124424,
    289.15980466954846,
    452.8010247623219,
    232.82322935216567,
    183.18696960000432,
    297.6628214892219,
    701.9724108527688,
    173.72146873474122,
    257.9626116135541,
    638.656509848202,
    560.3912095013786,
    296.54689909991095,
    266.49134256699506,
    644.6941963644589,
    438.4920217177447,
    530.6206206826603,
    512.9756494858685,
    338.29597728953644,
    502.99445522532744,
    528.818545442469,
    675.402417530733,
    458.0499913383933,
    447.6053638233858,
    992.5660676843979,
    505.96534468706915,
    404.98948822021487,
    339.8118595347685,
    502.98859791475184,
    235.7974728752585,
    363.8120416977826,
    412.2434893439798,
    541.73133948831,
    384.53112573062674,
    580.9232438928941,
    91.87811263589298,
    593.3473696540384,
    422.8246778600356,
    356.5345349031336,
    670.9412527645336,
    623.0251796946806,
    432.2531868878533,
    431.35737964405735
  ]
}